<?xml version="1.0" encoding="UTF-8"?>
<addons>
<addon id="plugin.video.myfirstplugin"
       name="My First Plugin...XBMCHUB.COM"
       version="1.0"
       provider-name="Mikey1234">
  <requires>
    <import addon="xbmc.python" version="2.0"/>
  </requires>
  <extension point="xbmc.python.pluginsource"
            library="default.py">
        <provides>video</provides>
  </extension>
  <extension point="xbmc.addon.metadata">
    <summary lang="en">My First Plugin</summary>
    <description lang="en">my first plugin description</description>
    <platform>all</platform>
  </extension>
</addon>

<addon id="repository.YourRepo" name="HELLO REPO" version="1.0" provider-name="HELLO Your Name">
	<extension point="xbmc.addon.repository" name="HELLO Addon Repository">
		<info compressed="false">http://github.com/CHANGEME/My-Repo/raw/master/addons.xml</info>
		<checksum>http://github.com/CHANGEME/My-Repo/raw/master/addons.xml.md5</checksum>
		<datadir zip="true">http://github.com/CHANGEME/My-Repo/raw/master/zips</datadir>
	</extension>
	<extension point="xbmc.addon.metadata">
		<summary>Install MY Addons</summary>
		<description>Download and install addons from HELLO.......For OFFICIAL !! Support Visit XBMCHUB.COM</description>
		<platform>all</platform>
	</extension>
</addon>
</addons>
