﻿<?xml version="1.0" encoding="UTF-8" standalone="yes"?>
<addon id="repository.palcotv" name="Juarrox's XBMC Addons" version="1.0.1" provider-name="juarrox">
	<extension point="xbmc.addon.repository" name="Juarrox's Addon PalcoTV Repository">
		<info compressed="false">https://github.com/Juarrox/palcotv.repository/raw/master/addons.xml</info>
		<checksum>https://github.com/Juarrox/palcotv.repository/raw/master/addons.xml.md5</checksum>
		<datadir zip="true">https://github.com/Juarrox/palcotv.repository/raw/master/repo/</datadir>
	</extension>
	<extension point="xbmc.addon.metadata">
		<summary>Install PalcoTV</summary>
		<description>Repositorio PalcoTV</description>
		<platform>all</platform>
	</extension>
</addon>

